date,sentiment,trades,accounts,net_pnl,total_size_usd,avg_size_usd,buy_share,fees
2023-05-01,Greed,3,1,0.0,477.0,159.0,1.0,0.0
2023-12-05,Greed,9,1,-12.501455,50005.83,5556.203333333334,0.7777777777777778,12.501455
2023-12-14,Greed,11,1,-233.73556800000003,113203.35,10291.213636363636,0.45454545454545453,28.300831000000002
2023-12-15,Greed,2,1,-27.284523,10609.95,5304.975,1.0,2.652489
2023-12-16,Greed,3,1,-3.8371890000000004,15348.77,5116.256666666667,1.0,3.8371890000000004
2023-12-17,Greed,14,1,275.91328599999997,116278.02,8305.572857142857,0.21428571428571427,29.069499
2023-12-18,Greed,2,1,-7.791045,31164.179999999997,15582.089999999998,1.0,7.791045
2023-12-19,Greed,15,1,977.638016,91602.41,6106.827333333334,0.3333333333333333,22.900596
2023-12-20,Greed,18,1,127.323095,141636.79,7868.710555555556,0.5555555555555556,35.409187
2023-12-21,Greed,49,1,505.902933,125233.97,2555.795306122449,0.4489795918367347,31.308469
2023-12-22,Greed,10,1,119.61410899999998,88874.28,8887.428,0.8,22.218566000000003
2023-12-23,Greed,13,1,127.327149,78438.25,6033.711538461538,0.38461538461538464,19.609555
2023-12-24,Greed,39,1,907.881241,402954.94,10332.177948717948,0.5384615384615384,100.738715
2023-12-25,Greed,3,1,-260.068473,59948.51,19982.836666666666,0.6666666666666666,14.987124999999999
2023-12-27,Greed,28,1,-747.741974,171411.06,6121.823571428571,0.5357142857142857,42.852747
2023-12-28,Greed,23,1,-995.760176,100117.25,4352.923913043478,0.43478260869565216,25.0293
2023-12-29,Greed,50,1,366.532242,569559.72,11391.1944,0.62,142.389901
2023-12-30,Greed,52,1,179.36112199999997,702550.21,13510.58096153846,0.38461538461538464,175.637526
2024-01-01,Greed,18,1,-195.59132699999998,264239.52999999997,14679.973888888888,0.5555555555555556,66.059867
2024-01-02,Greed,17,1,753.64194,121348.74,7138.1611764705885,0.5294117647058824,30.337176
2024-01-03,Greed,67,1,767.390696,394499.36,5888.050149253731,0.47761194029850745,98.624811
2024-01-04,Greed,5,1,-92.551772,99792.54000000001,19958.508,0.4,24.948132
2024-01-05,Greed,66,1,-261.844074,1703942.66,25817.31303030303,0.4696969696969697,425.985639
2024-01-06,Greed,22,1,60.95132200000004,298521.4,13569.154545454547,0.5,74.630342
2024-01-07,Greed,97,1,-1097.893699,1048850.06,10812.887216494846,0.5360824742268041,262.212464
2024-01-08,Greed,128,1,-650.4875030000002,1522452.43,11894.159609375,0.3125,380.613064
2024-01-09,Greed,70,1,-1030.3627910000002,870051.97,12429.313857142857,0.4,204.012928
2024-01-10,Greed,193,1,-1951.136207,2057479.48,10660.515440414507,0.47668393782383417,434.044865
2024-01-11,Greed,21,2,-239.95667199999997,305314.1,14538.766666666666,0.6190476190476191,75.867171
2024-01-12,Greed,7,1,-1974.999751,200082.27,28583.181428571428,0.7142857142857143,49.480726999999995
2024-01-15,Neutral,14,2,140.200868,50636.1,3616.8642857142854,0.35714285714285715,12.652712
2024-01-16,Greed,9,2,-2316.4907670000002,116427.33,12936.37,0.4444444444444444,17.319309
2024-01-17,Greed,53,1,653.566505,800831.03,15110.019433962265,0.5849056603773585,159.707606
2024-01-18,Greed,46,1,-23.724710999999996,424631.52999999997,9231.120217391304,0.391304347826087,92.657901
2024-01-19,Neutral,48,2,-478.471103,428428.97,8925.603541666665,0.6458333333333334,93.051868
2024-01-20,Neutral,106,1,-414.097453,1070090.51,10095.193490566038,0.5660377358490566,267.522583
2024-01-21,Greed,11,1,240.79871599999998,103129.74,9375.43090909091,0.2727272727272727,25.78243
2024-01-22,Greed,85,2,1308.162691,337878.99,3975.0469411764707,0.6,67.478268
2024-01-23,Neutral,45,1,-454.96929999999986,414518.93000000005,9211.531777777778,0.7333333333333333,85.72457
2024-01-24,Neutral,68,1,-3036.12491,965084.59,14192.42044117647,0.39705882352941174,227.771095
2024-01-25,Neutral,6,1,-3110.270917,66566.13,11094.355000000001,0.0,16.641532
2024-01-26,Neutral,5,2,89.755765,11773.21,2354.642,0.8,0.444235
2024-01-28,Neutral,11,1,-2477.707544,18109.03,1646.2754545454545,0.0,-0.362176
2024-01-29,Greed,74,2,383.299937,414208.18,5597.407837837838,0.28378378378378377,103.26260500000001
2024-01-30,Greed,49,1,-273.90700100000004,401011.38,8183.905714285715,0.5714285714285714,100.25281
2024-01-31,Greed,859,1,-2349.252292,6305647.13,7340.683504074505,0.5471478463329453,1549.411475
2024-02-01,Greed,6,1,-0.5020439999999999,2008.18,334.69666666666666,1.0,0.5020439999999999
2024-02-02,Greed,42,1,364.853837,474278.43,11292.343571428572,0.4523809523809524,91.569636
2024-02-03,Greed,56,1,113.64683800000003,603820.0,10782.5,0.32142857142857145,109.662349
2024-02-04,Greed,35,1,-2.9029850000000166,203187.53,5805.358,0.5428571428571428,50.52688
2024-02-05,Greed,72,1,-199.00365900000008,770198.26,10697.198055555556,0.4583333333333333,165.549465
2024-02-06,Greed,1088,1,-1204.222904,8047153.41,7396.280707720588,0.47610294117647056,988.606997
2024-02-07,Greed,15,1,240.902427,6758.73,450.582,0.4666666666666667,0.339693
2024-02-08,Greed,10,1,767.7531369999999,26051.12,2605.112,0.2,3.0028870000000003
2024-02-11,Greed,34,1,958.487884,212311.82,6244.465294117647,0.6764705882352942,24.955292
2024-02-12,Greed,16,1,886.7698759999998,227247.69999999998,14202.981249999999,0.6875,27.111911
2024-02-13,Greed,14,1,559.483882,1999.99,142.85642857142858,0.0,-0.039992
2024-02-14,Greed,111,2,3807.682359,320839.88,2890.4493693693694,0.3063063063063063,22.917474000000002
2024-02-15,Greed,63,2,1810.09138,185188.04,2939.4926984126987,0.8253968253968254,30.706297
2024-02-16,Greed,182,2,5464.543664,564896.51,3103.826978021978,0.6318681318681318,27.22517
2024-02-17,Greed,94,2,1867.586747,406118.07,4320.405,0.5319148936170213,62.055053
2024-02-18,Greed,97,1,480.7657549999999,157048.17,1619.0532989690723,0.3917525773195876,-3.140925
2024-02-19,Greed,101,2,4302.915943,286377.2,2835.417821782178,0.40594059405940597,14.85262
2024-02-20,Greed,39,2,3260.555149,119419.72,3062.0441025641026,0.3333333333333333,3.073675
2024-02-21,Greed,22,2,1855.827941,108047.51999999999,4911.250909090909,0.3181818181818182,2.970629
2024-02-22,Greed,88,2,3868.6524899999995,373033.87,4239.02125,0.3977272727272727,25.45258
2024-02-23,Greed,143,1,1420.619999,111106.14,776.966013986014,0.916083916083916,-2.067069
2024-02-25,Greed,5,1,-30.6809,4480.13,896.0260000000001,0.4,-0.0896
2024-02-26,Greed,39,2,4416.945025,192187.14,4927.875384615385,0.6923076923076923,-0.09772499999999981
2024-02-27,Greed,63,2,892.2733420000001,209362.3,3323.2111111111108,0.5238095238095238,-3.761609
2024-02-28,Greed,45,1,2505.124387,171107.13,3802.380666666667,0.6888888888888889,-1.377152
2024-02-29,Greed,116,2,9812.637907,395666.73,3410.9200862068965,0.5172413793103449,1.3590849999999999
2024-03-01,Greed,137,1,8244.788263,472974.7,3452.370072992701,0.27007299270072993,-0.546854
2024-03-02,Greed,31,2,231.36972899999995,63197.56,2038.6309677419354,0.9032258064516129,-0.4691290000000001
2024-03-03,Greed,79,1,8363.593348,390745.68,4946.1478481012655,0.45569620253164556,-2.507103
2024-03-04,Greed,300,2,27800.335191,1577996.87,5259.989566666667,0.5366666666666666,-0.559449
2024-03-05,Greed,180,1,19795.464500000002,841810.32,4676.724,0.3055555555555556,-4.438459
2024-03-06,Greed,82,1,6818.1804569999995,327218.02,3990.4636585365856,0.5975609756097561,-3.355318
2024-03-08,Greed,67,1,4275.557865,183583.18,2740.047462686567,0.2835820895522388,-3.6716290000000003
2024-03-09,Greed,117,1,9947.64986,658178.75,5625.459401709401,0.7094017094017094,1.8517640000000002
2024-03-10,Greed,42,1,2480.646128,219973.85,5237.472619047619,0.9047619047619048,2.281072
2024-03-11,Greed,42,1,3579.7066050000003,176519.44999999998,4202.844047619047,0.2857142857142857,8.47289
2024-03-12,Greed,8,1,3034.220047,103040.85,12880.10625,0.125,4.945953
2024-03-13,Greed,7,1,-2.100278,6000.799999999999,857.2571428571428,1.0,2.100278
2024-03-14,Greed,18,2,3454.14904,205933.18,11440.732222222221,0.1111111111111111,11.716792
2024-03-15,Greed,62,3,6187.0286479999995,351894.41,5675.71629032258,0.41935483870967744,49.485003
2024-03-16,Greed,8,2,218.05156,37223.66,4652.9575,0.625,10.52828
2024-03-17,Greed,23,3,469.5306259999999,99506.95,4326.389130434783,0.782608695652174,33.763329
2024-03-18,Greed,19,3,1432.01442,90458.08,4760.951578947369,0.6842105263157895,24.943279999999998
2024-03-19,Greed,24,3,642.809661,219884.84,9161.868333333334,0.7083333333333334,25.988312
2024-03-20,Greed,69,2,6383.255760999999,215705.85,3126.171739130435,0.42028985507246375,39.878838
2024-03-21,Greed,28,3,2319.1133250000003,117895.57,4210.556071428572,0.9285714285714286,16.394750000000002
2024-03-24,Greed,19,1,1288.12964,92592.20999999999,4873.274210526315,0.7894736842105263,8.888837
2024-03-25,Greed,7,1,1282.925716,57116.32,8159.4742857142855,0.0,19.990712
2024-03-26,Greed,118,2,3187.7591899999998,198565.19,1682.7558474576272,0.06779661016949153,28.147402999999997
2024-03-27,Greed,38,2,118.693188,99864.79,2628.020789473684,0.5,31.717952
2024-03-28,Greed,13,2,218.791779,35323.72,2717.209230769231,0.9230769230769231,9.059229
2024-03-29,Greed,15,1,852.677374,86914.37,5794.291333333333,0.6,30.420029999999997
2024-03-30,Greed,45,1,1090.635686,101103.92,2246.753777777778,0.022222222222222223,9.939454
2024-03-31,Greed,13,1,898.8166229999999,39912.96,3070.2276923076925,0.0,13.969522000000001
2024-04-01,Greed,77,2,2424.212044,339470.47,4408.7074025974025,0.4155844155844156,83.751362
2024-04-02,Greed,41,2,803.628238,239664.50999999998,5845.475853658536,0.24390243902439024,80.13257399999999
2024-04-03,Greed,4,2,125.12719899999999,16887.57,4221.8925,0.75,1.661201
2024-04-04,Greed,32,1,-33.595684999999996,95987.73,2999.6165625,0.0,33.595684999999996
2024-04-05,Greed,100,3,10603.054168,503791.8,5037.918,0.17,103.430138
2024-04-06,Greed,16,1,212.45685699999999,68223.67,4263.979375,0.0,23.878277
2024-04-07,Greed,23,1,-17.495845,49988.14,2173.397391304348,0.0,17.495845
2024-04-08,Greed,30,2,1156.636152,211940.64,7064.688,0.03333333333333333,61.790548
2024-04-09,Greed,3,1,-19.972341,57063.840000000004,19021.280000000002,0.0,19.972341
2024-04-10,Greed,41,1,5084.335852,351735.97,8578.926097560974,0.975609756097561,123.107562
2024-04-11,Greed,16,1,363.002835,76400.96,4775.06,0.875,26.740329
2024-04-12,Greed,129,3,-690.206714,442088.59,3427.0433333333335,0.3333333333333333,97.560875
2024-04-13,Greed,89,2,6502.452579000001,486411.25,5465.294943820225,0.5168539325842697,118.999176
2024-04-14,Greed,107,2,-36317.489924,659162.17,6160.394112149533,0.42990654205607476,213.477404
2024-04-15,Greed,41,2,3733.438116,291111.19,7100.272926829269,0.43902439024390244,40.650603999999994
2024-04-16,Greed,47,2,2449.244536,181907.17,3870.3653191489366,0.6595744680851063,18.457685
2024-04-17,Greed,14,1,2430.8474370000004,97562.99,6968.785000000001,0.9285714285714286,10.620963
2024-04-19,Greed,35,1,1828.4052020000001,337257.92000000004,9635.940571428573,0.14285714285714285,118.04025999999999
2024-04-20,Greed,22,2,-121.289047,60733.24,2760.601818181818,0.9090909090909091,121.289047
2024-04-22,Greed,9,1,-16.797764,47993.61,5332.623333333333,0.0,16.797764
2024-04-23,Greed,66,2,1048.2277199999999,233054.9,3531.1348484848486,0.5606060606060606,71.308476
2024-04-24,Greed,20,1,229.73959100000002,141275.24,7063.762,0.65,49.446315999999996
2024-04-25,Greed,74,2,-160.159512,120241.01,1624.8785135135136,1.0,160.159512
2024-04-26,Greed,3,1,-1.745898,4988.290000000001,1662.7633333333335,0.0,1.745898
2024-04-27,Greed,27,1,4227.495589,154264.47,5713.498888888889,0.0,53.99255
2024-04-28,Greed,58,2,-15.394946,43985.6,758.3724137931034,0.0,15.394946
2024-04-29,Greed,45,2,488.889206,108699.01,2415.5335555555553,0.5333333333333333,38.04463
2024-04-30,Greed,24,1,-43.75655,125018.75,5209.114583333333,1.0,43.75655
2024-05-01,Neutral,14,1,-30.458908,87025.45,6216.103571428571,1.0,30.458908
2024-05-03,Neutral,36,3,5207.106364,282682.64999999997,7852.295833333333,0.08333333333333333,98.910681
2024-05-04,Greed,9,2,-20.649559,58998.75,6555.416666666667,0.0,20.649559
2024-05-05,Greed,6,2,-7.496778,24068.350000000002,4011.391666666667,0.16666666666666666,8.412778
2024-05-06,Greed,9,1,896.484634,206016.43,22890.714444444442,0.8888888888888888,72.105746
2024-05-07,Greed,18,3,845.4986319999999,108717.58,6039.865555555556,0.3333333333333333,38.039061
2024-05-08,Greed,13,2,-21.511066,65973.57,5074.89,0.9230769230769231,23.076826
2024-05-09,Greed,28,2,1069.9077240000001,221966.12,7927.361428571428,0.32142857142857145,77.688132
2024-05-10,Greed,22,1,2046.833005,156882.0,7131.0,0.7272727272727273,54.90869
2024-05-11,Neutral,9,1,229.46761700000002,63248.95,7027.661111111111,0.0,22.137125
2024-05-12,Greed,23,2,-19.312829,55179.56,2399.111304347826,0.7391304347826086,19.312829
2024-05-13,Greed,28,2,2069.26226,193118.9,6897.103571428571,0.17857142857142858,67.591599
2024-05-14,Greed,23,1,1099.4746200000002,145853.4,6341.452173913043,1.0,51.048685
2024-05-15,Greed,36,1,866.747695,234922.57,6525.626944444444,0.3055555555555556,82.222887
2024-05-16,Greed,27,2,157.67248,162620.96,6022.998518518518,0.5185185185185185,56.91732
2024-05-18,Greed,25,1,3478.188569,126303.14,5052.1256,0.28,44.206092
2024-05-19,Greed,8,1,-10.499327000000001,29998.09,3749.76125,1.0,10.499327000000001
2024-05-20,Greed,10,2,-88.162104,38124.75,3812.475,0.7,13.343662
2024-05-21,Greed,125,2,6904.065627999999,1100948.59,8807.588720000002,0.232,385.331944
2024-05-22,Greed,6,1,-15.748349000000001,44995.29,7499.215,0.0,15.748349000000001
2024-05-23,Greed,325,3,299.91725,401850.6,1236.4633846153845,0.5815384615384616,113.43007899999999
2024-05-24,Greed,2,1,804.165113,50811.899999999994,25405.949999999997,0.0,17.784165
2024-05-25,Greed,16,2,3.879151999999998,29991.129999999997,1874.4456249999998,0.4375,10.246887000000001
2024-05-26,Greed,16,2,759.915709,53976.67,3373.541875,0.125,18.768190999999998
2024-05-27,Greed,251,1,1083.523404,151115.72,602.0546613545816,0.3705179282868526,45.832466
2024-05-29,Greed,164,2,240.915354,84268.76,513.8339024390243,0.40853658536585363,36.876599
2024-05-30,Greed,7,1,19.958107,2838.09,405.4414285714286,0.7142857142857143,0.993326
2024-05-31,Greed,13,1,24.085473999999998,3636.14,279.70307692307694,0.3076923076923077,1.272646
2024-06-01,Greed,25,1,87.018313,12834.62,513.3848,0.36,4.492106
2024-06-02,Greed,93,1,185.114035,29464.51,316.822688172043,0.3655913978494624,7.792912
2024-06-03,Greed,70,1,557.430122,21466.86,306.66942857142857,0.6285714285714286,5.378086
2024-06-04,Greed,53,1,44.778485,24243.41,457.42283018867926,0.4716981132075472,7.432953
2024-06-05,Greed,54,1,48.951446000000004,25350.77,469.4587037037037,0.3148148148148148,7.1040600000000005
2024-06-06,Greed,234,1,237.093763,137557.76,587.8536752136753,0.4358974358974359,37.079424
2024-06-07,Greed,440,3,8529.504751999999,1098588.76,2496.7926363636366,0.4113636363636364,372.962664
2024-06-08,Greed,29,2,95.065702,97351.88,3356.961379310345,0.7241379310344828,34.073137
2024-06-09,Greed,17,2,-7.515775,22410.22,1318.2482352941176,1.0,7.515775
2024-06-10,Greed,53,2,16.570477,46587.93,879.0175471698113,0.41509433962264153,14.696328000000001
2024-06-11,Greed,123,3,4190.703598,373279.92,3034.7960975609753,0.926829268292683,129.928213
2024-06-12,Greed,254,2,-21950.45291,193407.96,761.4486614173228,0.452755905511811,63.921417
2024-06-13,Greed,79,2,6599.357365,132577.22,1678.1926582278481,0.9620253164556962,33.39975
2024-06-14,Greed,31,2,10219.638533,139868.66,4511.892258064517,1.0,38.954076
2024-06-15,Greed,78,2,3118.535797,718350.25,9209.61858974359,0.11538461538461539,251.422549
2024-06-16,Greed,11,1,-8.832277,25235.079999999998,2294.0981818181817,0.0,8.832277
2024-06-17,Greed,38,2,10470.56935,368380.12,9694.213684210526,0.8421052631578947,128.93302500000001
2024-06-18,Greed,25,2,215.416102,263314.79,10532.5916,0.84,67.160258
2024-06-19,Greed,61,3,4748.805201,417071.12,6837.231475409836,0.04918032786885246,138.851743
2024-06-20,Greed,39,3,57464.986976,207990.8,5333.097435897435,0.0,13.46905
2024-06-21,Greed,80,2,712.281105,176264.49,2203.306125,0.85,61.277099
2024-06-22,Neutral,24,2,716.343183,169594.27000000002,7066.427916666667,0.16666666666666666,40.533382
2024-06-23,Greed,5,1,-0.17921199999999998,1792.12,358.424,0.0,0.17921199999999998
2024-06-24,Neutral,31,2,-103.551001,403002.8,13000.090322580645,0.8064516129032258,103.551001
2024-06-25,Fear,49,1,4833.268454,103099.08,2104.062857142857,0.22448979591836735,36.084651
2024-06-26,Neutral,72,2,4070.177882,365190.66000000003,5072.092500000001,0.5694444444444444,127.5543
2024-06-27,Fear,30,2,-45.556012,130486.95,4349.565,0.4,45.556012
2024-06-29,Fear,75,2,5690.030914,280095.11,3734.6014666666665,0.4666666666666667,460.295231
2024-06-30,Neutral,14,2,-17.057669,30520.69,2180.049285714286,0.35714285714285715,17.057669
2024-07-01,Neutral,64,2,4640.516283,362670.14999999997,5666.721093749999,0.09375,425.323025
2024-07-02,Neutral,18,1,2409.794386,33347.47,1852.6372222222224,0.7222222222222222,11.458730000000001
2024-07-03,Neutral,18,2,1055.7586019999999,179600.66,9977.814444444444,1.0,62.628682
2024-07-04,Fear,25,2,-113.02464499999999,430568.01,17222.720400000002,1.0,113.02464499999999
2024-07-05,Fear,32,2,-95.130717,272289.89,8509.0590625,1.0,95.130717
2024-07-06,Fear,24,1,-235.481982,2490.17,103.75708333333334,0.7083333333333334,344.35416
2024-07-07,Fear,10,1,61.379067,498.75,49.875,0.0,0.049875
2024-07-08,Fear,1,1,-0.0156,497.64,497.64,1.0,0.0156
2024-07-09,Fear,15,1,648.586844,2736.45,182.42999999999998,0.0,0.39756800000000003
2024-07-10,Fear,56,2,11736.969867,687900.21,12283.93232142857,0.17857142857142858,240.76504
2024-07-11,Fear,19,1,1817.351639,169887.02,8941.422105263156,0.5263157894736842,59.460443
2024-07-12,Fear,19,2,1380.9606250000002,89582.97,4714.893157894737,1.0,31.354029
2024-07-13,Fear,17,2,2864.9016269999997,139189.19,8187.599411764706,0.0,48.71621
2024-07-14,Fear,7,1,-29.400389,84001.13,12000.16142857143,0.0,29.400389
2024-07-15,Neutral,26,2,-69.995769,198344.85,7628.6480769230775,0.07692307692307693,68.995769
2024-07-16,Greed,22,1,-50.400180999999996,144000.57,6545.480454545454,0.0,50.400180999999996
2024-07-17,Greed,351,3,1652.667564,626005.53,1783.4915384615385,0.4415954415954416,206.601913
2024-07-18,Greed,60,2,3576.487647,649704.85,10828.414166666666,1.0,227.396664
2024-07-19,Greed,23,2,2103.296826,150269.42,6533.453043478262,0.043478260869565216,52.594288
2024-07-20,Greed,266,2,2218.411148,244362.21,918.65492481203,0.15413533834586465,80.758418
2024-07-21,Greed,448,2,-3025.440227,234307.46,523.0077232142856,0.5334821428571429,64.72334
2024-07-22,Greed,154,2,1419.66034,304213.8,1975.4142857142856,0.6688311688311688,97.459536
2024-07-23,Greed,370,3,89831.05908,358526.54,968.9906486486486,0.37027027027027026,59.243126000000004
2024-07-24,Greed,90,5,570.4942,69207.93,768.977,0.6,55.067279
2024-07-25,Greed,78,3,692.5523440000001,528555.31,6776.350128205129,0.9871794871794872,224.185916
2024-07-26,Greed,152,4,2559.946098,548587.65,3609.1292763157894,0.28289473684210525,206.567015
2024-07-27,Greed,57,2,6083.803762,905199.75,15880.697368421053,0.15789473684210525,316.819894
2024-07-28,Greed,16,2,572.159908,43254.68,2703.4175,0.9375,15.139122
2024-07-29,Greed,39,2,216.28477,327199.14,8389.72153846154,0.46153846153846156,114.519684
2024-07-30,Greed,6,1,-12.602264,36006.47,6001.078333333334,1.0,12.602264
2024-07-31,Greed,43,2,736.113617,84506.54,1965.2683720930231,0.3953488372093023,29.577267000000003
2024-08-01,Neutral,57,4,58.98498099999998,227774.53,3996.044385964912,0.8245614035087719,108.095036
2024-08-02,Greed,63,3,636.847729,396320.37,6290.799523809524,0.6666666666666666,145.520462
2024-08-03,Fear,37,5,355.53659400000004,290532.86,7852.239459459459,0.972972972972973,108.653106
2024-08-04,Fear,127,5,-123117.903118,1207744.07,9509.795826771655,0.47244094488188976,445.902235
2024-08-05,Fear,80,4,-13216.384327,420495.4,5256.1925,0.5125,202.719158
2024-08-06,Fear,107,2,204.696769,61478.38,574.5642990654205,0.7102803738317757,62.621279
2024-08-07,Fear,33,3,185.0370512,2492.77,75.53848484848484,0.36363636363636365,3.7522038
2024-08-08,Fear,9,2,-47.360212,16299.35,1811.038888888889,0.5555555555555556,6.647995
2024-08-09,Neutral,144,5,17896.81689532,503204.86,3494.4781944444444,0.375,185.25438068
2024-08-10,Fear,88,2,-50.0831879,11339.29,128.8555681818182,0.9886363636363636,50.0831879
2024-08-11,Fear,24,2,806.845333,44230.21,1842.9254166666667,0.6666666666666666,40.931287
2024-08-12,Fear,48,3,822.598605,54167.32,1128.4858333333334,0.8125,36.071895
2024-08-13,Fear,23,3,194.148143,20797.87,904.2552173913043,0.8695652173913043,17.932876999999998
2024-08-14,Fear,25,3,2122.4084070000004,66710.03,2668.4012,0.76,46.493106
2024-08-15,Fear,12,1,-16.50261,1522.3700000000001,126.86416666666668,1.0,16.50261
2024-08-16,Fear,35,2,744.042602,166382.84,4753.795428571429,0.9142857142857143,81.187942
2024-08-17,Fear,30,2,-305.379652,30248.96,1008.2986666666667,0.9666666666666667,17.096539
2024-08-18,Fear,15,2,285.220331,62804.48,4186.965333333334,0.0,21.981557000000002
2024-08-19,Fear,8,1,304.58932500000003,100315.03,12539.37875,0.375,35.110258
2024-08-20,Fear,12,2,175.13267000000002,49914.8,4159.566666666667,0.4166666666666667,17.470174
2024-08-21,Fear,145,2,619.454342,104990.41,724.0717931034483,0.38620689655172413,36.746583
2024-08-23,Fear,10,1,983.076928,63509.56,6350.956,0.0,22.228341999999998
2024-08-24,Greed,7,2,-12.249882,34999.67,4999.952857142857,0.0,12.249882
2024-08-25,Neutral,17,2,-26.303603,21950.28,1291.1929411764704,0.47058823529411764,26.303603
2024-08-26,Greed,6,2,198.933986,92611.27,15435.211666666668,1.0,32.302932
2024-08-27,Neutral,50,2,-52.053552,70250.16,1405.0032,0.98,52.053552
2024-08-28,Fear,9,2,1308.453619,71160.06999999999,7906.674444444444,1.0,24.906026
2024-08-29,Fear,1,1,-3.498547,9995.85,9995.85,0.0,3.498547
2024-08-30,Fear,6,4,243.432824,37233.24,6205.54,0.6666666666666666,13.031175999999999
2024-08-31,Fear,34,3,-29.072513999999998,107507.43000000001,3161.983235294118,0.3235294117647059,39.955315
2024-09-01,Fear,12,1,133.107232,12359.68,1029.9733333333334,0.5833333333333334,4.325861
2024-09-02,Fear,2,1,-10.500148,30000.42,15000.21,1.0,10.500148
2024-09-04,Fear,34,2,1002.214905,131480.97,3867.0873529411765,0.9117647058823529,63.570226999999996
2024-09-05,Fear,1,1,0.0,0.84,0.84,0.0,0.0
2024-09-06,Fear,42,2,-1118.523241,39047.1,929.6928571428571,0.09523809523809523,13.666476
2024-09-08,Fear,1,1,0.0,0.11,0.11,0.0,0.0
2024-09-09,Fear,2,1,-34.9079,4014.4300000000003,2007.2150000000001,1.0,34.9079
2024-09-10,Fear,3,2,-227.020059,2547.28,849.0933333333334,0.3333333333333333,7.2904
2024-09-11,Fear,1,1,0.0,0.54,0.54,0.0,0.0
2024-09-14,Neutral,11,2,-30.381330000000002,1014.8000000000001,92.25454545454546,0.9090909090909091,30.381330000000002
2024-09-18,Neutral,145,1,-910.417737,13633.5,94.02413793103449,0.07586206896551724,31.732943
2024-09-19,Neutral,19,1,-28.60766,1521.8700000000001,80.09842105263158,1.0,28.60766
2024-09-20,Neutral,16,2,9475.717249,332873.38,20804.58625,0.1875,109.317031
2024-09-21,Neutral,23,1,36107.592489,165648.12,7202.092173913044,0.0,57.976841
2024-09-22,Neutral,3,1,-6.999907,19999.739999999998,6666.579999999999,1.0,6.999907
2024-09-23,Neutral,2,1,320.643794,40334.29,20167.145,0.5,14.117002000000001
2024-09-24,Neutral,10,2,-12.966142,7118.63,711.863,0.9,12.966142
2024-09-25,Greed,9,2,-17.764677,52754.130000000005,5861.570000000001,0.6666666666666666,17.764677
2024-09-26,Neutral,8,2,408.464309,113711.93000000001,14213.991250000001,0.0,31.348204
2024-09-27,Greed,56,2,-37.503311,126097.04,2251.732857142857,0.0,37.503311
2024-09-28,Greed,4,1,-2.8031200000000003,29199.21,7299.8025,0.0,2.8031200000000003
2024-09-30,Greed,106,2,2644.988712,214669.85,2025.1872641509435,0.09433962264150944,65.637576
2024-10-01,Neutral,4,1,-48.98401,139954.32,34988.58,1.0,48.98401
2024-10-02,Fear,4,1,-34.984016999999994,99954.34,24988.585,1.0,34.984016999999994
2024-10-03,Fear,9,2,53.848290999999996,132935.69,14770.632222222222,0.6666666666666666,46.527491000000005
2024-10-04,Fear,1,1,0.0,0.34,0.34,0.0,0.0
2024-10-05,Neutral,37,2,5555.200121,605605.74,16367.722702702702,0.24324324324324326,211.961771
2024-10-06,Neutral,22,1,25.441386,300130.56,13642.298181818182,0.2727272727272727,105.045693
2024-10-07,Neutral,21,1,-76.994616,219984.65,10475.459523809524,0.0,76.994616
2024-10-08,Neutral,36,2,5244.4424180000005,434584.13,12071.781388888889,0.9444444444444444,152.10422
2024-10-09,Neutral,14,1,318.922753,220399.93,15742.852142857142,0.7857142857142857,77.139967
2024-10-10,Fear,16,1,-105.00851,300024.33999999997,18751.521249999998,1.0,105.00851
2024-10-11,Fear,26,2,8714.211283,488904.19,18804.007307692307,0.0,171.116194
2024-10-12,Neutral,10,1,485.65502499999997,159713.4,15971.34,0.7,55.899685
2024-10-13,Neutral,10,1,-21.000841,60002.42,6000.242,1.0,21.000841
2024-10-14,Neutral,5,1,1891.948976,61916.020000000004,12383.204000000002,0.0,21.670604
2024-10-15,Greed,7,1,1141.815403,81173.36,11596.194285714286,0.42857142857142855,28.410673
2024-10-16,Greed,11,1,191.400672,80229.17,7293.560909090909,0.7272727272727273,28.080204000000002
2024-10-17,Greed,9,2,-13.071147000000003,140531.75,15614.638888888889,0.7777777777777778,49.186107
2024-10-18,Greed,6,1,291.103143,120331.43000000001,20055.238333333335,0.16666666666666666,42.115998
2024-10-19,Greed,4,1,-34.998901000000004,99996.86,24999.215,1.0,34.998901000000004
2024-10-20,Greed,96,2,329.898338,176447.86000000002,1837.9985416666668,0.07291666666666667,59.257459
2024-10-21,Greed,173,2,2355.057521,324117.99,1873.5143930635838,0.45664739884393063,109.858043
2024-10-22,Greed,3,1,-21.000124,60000.36,20000.12,1.0,21.000124
2024-10-23,Greed,18,1,-119.992052,210006.07,11667.003888888888,0.8333333333333334,73.502111
2024-10-25,Greed,30,2,13092.020156999999,427883.18,14262.772666666666,0.4666666666666667,143.841914
2024-10-27,Greed,4,1,634.929768,90664.41,22666.1025,0.0,31.73254
2024-10-28,Greed,13,2,125.00682200000003,121495.25,9345.788461538461,0.0,42.27334
2024-10-29,Greed,53,2,586.527162,613267.8099999999,11571.09075471698,0.05660377358490566,214.643714
2024-10-30,Greed,25,1,5.5530349999999995,11830.85,473.23400000000004,0.32,3.596988
2024-10-31,Greed,48,3,901.332883,896173.36,18670.278333333332,0.875,312.710928
2024-11-01,Greed,23,2,949.820861,260981.03,11347.001304347827,0.5652173913043478,90.654875
2024-11-02,Greed,2,1,-13.999997,40000.0,20000.0,1.0,13.999997
2024-11-03,Greed,6,2,-40.404152,129055.66,21509.27666666667,1.0,40.404152
2024-11-04,Greed,36,2,2641.2762940000002,451811.97,12550.332499999999,0.3611111111111111,158.13418000000001
2024-11-05,Greed,10,1,608.256404,200627.23,20062.723,0.5,70.219524
2024-11-06,Greed,15,2,2774.46982,123906.9,8260.46,0.4,43.36741
2024-11-07,Greed,113,3,4467.17469362,111335.3,985.2681415929204,0.4690265486725664,26.17844238
2024-11-08,Greed,39,2,-158.29179800000006,270700.44,6941.036923076923,0.5897435897435898,93.87825699999999
2024-11-09,Greed,86,2,36.724437,193384.41,2248.655930232558,0.6162790697674418,66.18450299999999
2024-11-10,Greed,173,3,848.800788,413636.7,2390.963583815029,0.2774566473988439,142.313546
2024-11-11,Greed,373,4,6352.720446,1570572.42,4210.649919571046,0.2520107238605898,396.91055
2024-11-12,Greed,171,4,3066.494541,1226354.52,7171.663859649123,0.5730994152046783,427.904853
2024-11-13,Greed,48,5,7667.2182060000005,515336.37,10736.174375,0.3333333333333333,179.184068
2024-11-14,Greed,110,2,4228.480423,1008361.81,9166.925545454545,0.7454545454545455,335.028802
2024-11-15,Greed,149,4,3674.312925,1427858.42,9582.942416107382,0.610738255033557,466.427513
2024-11-16,Greed,157,4,2669.350606,303296.07,1931.822101910828,0.49044585987261147,100.171303
2024-11-17,Greed,209,4,611.863596,1215987.57,5818.122344497608,0.3492822966507177,271.111689
2024-11-18,Greed,346,7,4025.710848,2084339.58,6024.102832369942,0.36127167630057805,445.104339
2024-11-19,Greed,305,5,2756.782058,628031.15,2059.118524590164,0.5245901639344263,201.486933
2024-11-20,Greed,550,5,3566.035528,1999514.1199999999,3635.480218181818,0.44363636363636366,644.057369
2024-11-21,Greed,535,5,1493.802624,598300.62,1118.3189158878504,0.4392523364485981,198.628267
2024-11-22,Greed,679,6,-18541.784676,1646713.62,2425.2041531664213,0.48159057437407954,436.439059
2024-11-23,Greed,363,4,2746.909771,516245.68,1422.1644077134986,0.4132231404958678,154.621867
2024-11-24,Greed,172,3,742.96726,664952.28,3866.001627906977,0.5988372093023255,202.583126
2024-11-25,Greed,255,2,5239.961033,937410.87,3676.1210588235294,0.49411764705882355,283.779701
2024-11-26,Greed,302,4,783.510881,1146902.44,3797.6901986754965,0.652317880794702,311.298478
2024-11-27,Greed,213,2,-3094.210169,1444242.53,6780.481361502348,0.3380281690140845,439.714536
2024-11-28,Greed,332,5,-127390.981594,1894225.15,5705.497439759036,0.6234939759036144,315.582009
2024-11-29,Greed,393,11,176652.54241643,794262.91,2021.0252162849874,0.37659033078880405,192.45173557
2024-11-30,Greed,373,8,36764.3181805,1732193.7,4643.950938337802,0.2761394101876676,552.3753395
2024-12-01,Greed,416,9,40640.98074262,814711.82,1958.441875,0.34615384615384615,245.38375138
2024-12-02,Greed,270,8,18341.71649941,585243.56,2167.568740740741,0.5777777777777777,147.88781359
2024-12-03,Greed,374,8,23245.966193289998,1084666.53,2900.177887700535,0.45454545454545453,330.57309170999997
2024-12-04,Greed,319,7,292719.20860335,769287.65,2411.5600313479626,0.30094043887147337,172.60641765
2024-12-05,Greed,456,8,71221.35276477,1256750.79,2756.0324342105264,0.42105263157894735,352.76572323
2024-12-06,Greed,403,10,-93316.63768087,3471019.22,8612.950918114144,0.5086848635235732,691.99378587
2024-12-07,Greed,304,6,85797.8270291,451733.42,1485.965197368421,0.3618421052631579,108.4520379
2024-12-08,Greed,420,6,15731.75455254,932939.72,2221.2850476190474,0.19523809523809524,234.17888346
2024-12-09,Greed,539,10,6136.19423957,983949.68,1825.5096103896105,0.8441558441558441,174.77343643
2024-12-10,Greed,1596,11,38872.22954565,3150424.08,1973.94992481203,0.33208020050125314,453.54068535
2024-12-11,Greed,1221,12,318638.04498694,2194098.33,1796.9683292383293,0.14004914004914004,413.50923006
2024-12-12,Greed,1932,14,598452.82955649,4557189.87,2358.7939285714288,0.2179089026915114,698.96545151
2024-12-13,Greed,1173,11,31482.67436864,2880824.64,2455.9459846547315,0.5763000852514919,453.22737636
2024-12-14,Greed,1235,12,167569.30779897,2369561.78,1918.6735060728743,0.4817813765182186,232.09144503
2024-12-15,Greed,1697,15,97293.98470862,2583269.81,1522.256812021214,0.6664702416028285,231.33057037999998
2024-12-16,Greed,1055,13,166372.194077,2740808.97,2597.9231943127966,0.4009478672985782,402.150056
2024-12-17,Greed,1941,16,218845.16478602,5233597.63,2696.3408706852138,0.43843379701184954,746.14038598
2024-12-18,Greed,1429,13,12991.54670279,3798887.07,2658.423421973408,0.5003498950314905,691.44797021
2024-12-19,Greed,3339,13,61687.771306919996,8241709.39,2468.316678646301,0.35968852949985025,1056.23317908
2024-12-20,Greed,2488,15,253758.82173322001,7681274.71,3087.3290635048234,0.4537781350482315,1210.83830578
2024-12-21,Greed,1681,8,149341.77155987,4382875.12,2607.302272456871,0.3545508625817965,680.39159713
2024-12-22,Greed,774,8,351864.10712847,3087320.22,3988.7858139534887,0.5788113695090439,333.05684453
2024-12-23,Greed,2347,14,-30631.523523569995,6771878.26,2885.333728163613,0.4414145717937793,1200.89694657
2024-12-24,Greed,338,11,14426.99767577,1767036.11,5227.917485207101,0.34911242603550297,386.78244023
2024-12-25,Greed,208,6,690.1382647799999,347889.35,1672.5449519230767,0.41346153846153844,66.51878221999999
2024-12-26,Greed,697,7,59705.28072352,2205242.65,3163.9062410329984,0.5351506456241033,523.35899848
2024-12-27,Greed,260,7,2584.2553884000004,347913.0,1338.126923076923,0.5269230769230769,88.5556466
2024-12-28,Greed,161,7,892.26513037,281555.01,1748.7888819875777,0.35403726708074534,48.40849263
2024-12-29,Greed,201,7,2811.9505699,344628.54,1714.5698507462685,0.34328358208955223,72.1173571
2024-12-30,Greed,304,9,8724.83181652,1073865.73,3532.453059210526,0.6019736842105263,284.90632048
2024-12-31,Greed,306,6,5178.49639887,877164.62,2866.551045751634,0.46078431372549017,266.51641113
2025-01-01,Greed,96,6,-9559.66972721,282582.1,2943.5635416666664,0.7083333333333334,31.60438221
2025-01-02,Greed,361,9,8540.37939377,774674.84,2145.9136842105263,0.296398891966759,176.13969323
2025-01-03,Greed,508,9,5817.48895619,771208.99,1518.1279330708662,0.33267716535433073,210.99783681
2025-01-04,Greed,371,9,2319.825997,1826029.6199999999,4921.912722371967,0.20485175202156333,233.711971
2025-01-05,Greed,239,8,3048.37775203,451943.57,1890.977280334728,0.2719665271966527,139.34161097
2025-01-06,Greed,573,7,5889.25430475,556526.99,971.2512914485166,0.2582897033158813,174.93108825
2025-01-07,Greed,637,6,15794.84107837,1313178.1,2061.504081632653,0.8822605965463108,303.38645263
2025-01-08,Greed,1039,11,129420.17764361999,3177275.18,3058.0126852743024,0.7170356111645814,696.91291038
2025-01-09,Greed,522,7,46700.41512257,1020733.25,1955.427681992337,0.3850574712643678,275.51377943
2025-01-10,Neutral,819,7,-12211.054727050001,6547449.68,7994.444053724053,0.4468864468864469,2094.17917505
2025-01-11,Greed,283,7,1774.4325586500001,1658098.71,5859.006042402827,0.5865724381625441,494.64797735
2025-01-12,Greed,602,7,5130.1590503,2258459.17,3751.59330564784,0.1345514950166113,612.0827527
2025-01-13,Greed,408,11,8792.32922722,2936648.0100000002,7197.666691176471,0.5882352941176471,863.10012478
2025-01-14,Greed,275,9,15828.92130552,876581.97,3187.5708,0.33454545454545453,240.59104948
2025-01-15,Greed,267,11,14305.97930518,1801599.8900000001,6747.565131086143,0.34831460674157305,513.60899482
2025-01-16,Greed,371,9,19917.140160040002,3049692.96,8220.196657681941,0.30727762803234504,890.56916796
2025-01-17,Greed,238,8,6655.00095911,1110230.46,4664.8338655462185,0.39915966386554624,351.41464889
2025-01-18,Greed,651,12,-372.70111945999986,2711629.88,4165.330076804916,0.5422427035330261,815.9342014599999
2025-01-19,Greed,1567,15,85761.44366229,9715215.3,6199.8821314613915,0.5366943203573707,2162.35563971
2025-01-20,Greed,1315,15,85069.57935334,8287327.01,6302.149817490495,0.5741444866920152,2207.65981966
2025-01-21,Greed,530,8,10679.5351557,1523729.82,2874.961924528302,0.27358490566037735,398.3042653
2025-01-22,Greed,832,10,20053.23791724,1778406.43,2137.5077283653845,0.35697115384615385,471.17013976
2025-01-23,Greed,1218,12,100167.89229032,3697028.66,3035.3273070607556,0.4605911330049261,1088.34986968
2025-01-24,Greed,874,11,10264.1361369,1611433.45,1843.7453661327231,0.4096109839816934,338.6436011
2025-01-25,Greed,506,11,-10666.95001806,1239377.7,2449.363043478261,0.6225296442687747,318.93376206
2025-01-26,Greed,451,7,40441.20851377,1201173.66,2663.3562305986693,0.3902439024390244,382.25815423
2025-01-27,Greed,773,15,40925.50622457,1508028.31,1950.8775032341528,0.6597671410090556,406.25916743
2025-01-28,Greed,498,8,17854.90368837,579412.17,1163.4782530120483,0.3152610441767068,124.71028463
2025-01-29,Greed,910,9,22808.49032491,1897513.41,2085.1795714285713,0.48131868131868133,612.52114509
2025-01-30,Greed,1067,11,22222.82026927,3014397.17,2825.114498594189,0.25023430178069356,874.65111573
2025-01-31,Greed,1016,11,35197.35872149,2783411.48,2739.578228346457,0.31791338582677164,670.93805151
2025-02-01,Greed,634,12,32014.72763511,1363746.44,2151.019621451104,0.555205047318612,285.47738189
2025-02-02,Greed,1319,13,161670.63753379,5661092.29,4291.957763457164,0.6315390447308568,1184.12208921
2025-02-03,Fear,2380,12,345879.76064494,22592901.37,9492.815701680673,0.4584033613445378,2991.56562406
2025-02-04,Greed,2512,13,413023.10955606,15678409.27,6241.404964171974,0.455015923566879,3853.77856394
2025-02-05,Neutral,1297,11,55370.48594533,8743231.51,6741.1191287586735,0.5312259059367772,1335.74961667
2025-02-06,Neutral,1703,11,33094.669374389996,2818508.87,1655.0257604227834,0.6829125073399882,709.13035861
2025-02-07,Fear,1524,13,21711.91285266,3460263.54,2270.5141338582675,0.6279527559055118,738.0892383400001
2025-02-08,Fear,575,10,476.72696682,839734.97,1460.4086434782607,0.7843478260869565,109.97628618
2025-02-09,Neutral,764,12,150124.46766704,2920919.7,3823.19332460733,0.5602094240837696,427.36182496
2025-02-10,Fear,889,14,63417.1323079,3624958.44,4077.5685489313837,0.4049493813273341,491.3623421
2025-02-11,Neutral,848,12,-6570.2149448499995,2797544.17,3298.990766509434,0.4268867924528302,476.43012785
2025-02-12,Neutral,1031,12,18749.48000086,4143974.54,4019.3739476236665,0.3937924345295829,1099.15503114
2025-02-13,Neutral,1370,11,27006.04675398,3199852.21,2335.6585474452554,0.43284671532846714,823.48748402
2025-02-14,Neutral,1655,15,212899.09759225,4007103.42,2421.210525679758,0.3214501510574018,961.57771575
2025-02-15,Neutral,932,12,44668.83969198,1712852.95,1837.8250536480687,0.6148068669527897,374.08731802
2025-02-16,Neutral,681,10,2197.90641972,806177.64,1183.8144493392072,0.5066079295154186,171.57200528
2025-02-17,Neutral,941,9,1565.08653936,2031044.64,2158.3896280552603,0.6620616365568545,253.48675564
2025-02-18,Neutral,1676,11,90595.13300009,3371128.68,2011.413293556086,0.6270883054892601,609.53940291
2025-02-19,Fear,1361,10,14297.3072515,3263930.24,2398.185334313005,0.6348273328434975,688.4874495
2025-02-20,Neutral,2012,11,44776.33007725,4628609.29,2300.5016351888667,0.39165009940357853,1232.46402475
2025-02-21,Greed,1873,14,118863.77563623,3972159.88,2120.747399893219,0.397223705285638,829.71831377
2025-02-22,Neutral,686,10,24398.53954403,3175570.2,4629.111078717201,0.5247813411078717,880.16463397
2025-02-23,Neutral,520,12,10426.93153183,1141310.74,2194.8283461538463,0.5442307692307692,230.00271917
2025-02-24,Neutral,5616,14,36372.21180876,11223619.59,1998.5077617521367,0.5795940170940171,2097.96443324
2025-02-25,Fear,6246,18,201575.56196969,19414984.36,3108.3868651937237,0.6781940441882806,3186.61506431
2025-02-26,Fear,1176,13,62474.89058233,4946958.13,4206.597049319727,0.32908163265306123,754.17254667
2025-02-27,Fear,890,9,-37037.31349031,1999898.43,2247.0768876404495,0.45617977528089887,512.14597331
2025-02-28,Fear,1019,13,224749.71048404,4123660.77,4046.7721000981355,0.5201177625122669,878.39826396
2025-03-01,Fear,174,5,10559.045422610001,263824.13,1516.230632183908,0.603448275862069,37.06354539
2025-03-02,Fear,532,10,64982.62376599,6460848.74,12144.452518796992,0.5150375939849624,1931.69694201
2025-03-03,Fear,1482,14,615372.46819058,8244590.38,5563.151403508772,0.7213225371120108,1040.56404242
2025-03-04,Fear,2402,16,179855.23009972,11124247.15,4631.24360949209,0.7277268942547876,2220.33648528
2025-03-05,Fear,1660,13,267007.04440615,9193654.22,5538.345915662651,0.22590361445783133,2321.32151085
2025-03-06,Fear,760,12,14794.508397739999,6765324.96,8901.743368421052,0.4881578947368421,1306.61716326
2025-03-07,Fear,2552,14,145319.56058013,19854275.48,7779.888510971787,0.4807993730407524,4916.50104687
2025-03-08,Fear,529,13,24492.433586,892083.51,1686.3582419659735,0.5444234404536862,208.339773
2025-03-09,Fear,1422,12,17396.3934682,10419697.99,7327.495070323488,0.6659634317862166,2377.0639268
2025-03-10,Fear,2911,14,-13498.399741230003,16811790.68,5775.263029886637,0.539333562349708,3488.37247123
2025-03-11,Fear,3286,16,-79321.80927804,14016952.09,4265.657970176507,0.6451612903225806,2441.08024204
2025-03-12,Fear,3968,13,284447.57064303,18618139.15,4692.071358366935,0.41507056451612906,3658.41357197
2025-03-13,Neutral,962,13,13305.68416583,3285591.22,3415.375488565489,0.4864864864864865,809.18670717
2025-03-14,Fear,2210,10,67452.67301408,8047187.16,3641.261158371041,0.1343891402714932,1193.48707492
2025-03-15,Neutral,261,8,78120.291684,2355749.54,9025.86030651341,0.5900383141762452,574.332888
2025-03-16,Fear,530,8,-10353.426547179999,10187921.51,19222.49341509434,0.5735849056603773,2442.48300218
2025-03-17,Fear,920,11,25356.16650502,3592895.05,3905.320706521739,0.525,807.74000798
2025-03-18,Fear,834,13,71464.852693,4050655.47,4856.901043165468,0.4088729016786571,857.936131
2025-03-19,Fear,1612,12,28590.1922699816,4598813.57,2852.8620161290323,0.34925558312655086,784.4900710184
2025-03-20,Neutral,771,13,9917.62399,1652257.93,2143.0063942931256,0.3086900129701686,329.235446
2025-03-21,Fear,698,9,6317.80969117,2543903.39,3644.560730659026,0.49570200573065903,633.46068283
2025-03-22,Fear,535,8,12229.70045203,971809.42,1816.4662056074767,0.41495327102803736,268.83480197
2025-03-23,Fear,447,10,13450.20557097,2593519.67,5802.057427293064,0.6487695749440716,597.21601403
2025-03-24,Neutral,1027,13,107347.85594963,3017587.05,2938.254186952288,0.2074001947419669,531.10535137
2025-03-25,Neutral,791,13,30629.55279423,5372519.77,6792.060391908975,0.5335018963337548,1401.35398577
2025-03-26,Neutral,3102,17,14005.36391091,7597754.37,2449.30830754352,0.5074145712443585,1796.80351609
2025-03-27,Fear,785,11,58111.3351017,3240279.46,4127.744535031847,0.6038216560509554,714.0241193
2025-03-28,Fear,728,11,20947.895939949998,1483092.61,2037.2151236263737,0.7321428571428571,389.28339505
2025-03-29,Fear,1894,10,11259.02841638,3668151.83,1936.7221911298839,0.5263991552270327,839.84451462
2025-03-30,Fear,568,9,15036.04338673,2850874.96,5019.146056338028,0.8415492957746479,759.07175327
2025-03-31,Fear,495,12,6496.182925889999,2164772.4699999997,4373.277717171717,0.43232323232323233,482.00163111
2025-04-01,Fear,192,9,-2365.5982368200002,704445.1900000001,3668.9853645833336,0.4791666666666667,162.93599482
2025-04-02,Fear,1076,11,201031.5179001,3867930.6,3594.7310408921935,0.11895910780669144,1181.2230379
2025-04-03,Fear,1748,17,-3703.0801287000004,8670233.15,4960.087614416476,0.5469107551487414,1337.1188527
2025-04-04,Fear,1272,14,-26351.742359361,3835545.73,3015.3661399371067,0.3922955974842767,836.063409361
2025-04-05,Fear,360,10,35625.277366,1267564.22,3521.011722222222,0.38333333333333336,282.060344
2025-04-06,Fear,1048,14,46435.0133593665,3551252.06,3388.59929389313,0.6469465648854962,618.4359126335
2025-04-07,Fear,2814,18,31760.8152035971,14460253.14,5138.682707889126,0.5028429282160626,2766.5551014029
2025-04-08,Fear,943,17,32624.41710694,8869391.4,9405.505196182397,0.4559915164369035,2274.97769106
2025-04-09,Fear,3967,20,37009.170438806,28556806.47,7198.589984875221,0.44466851525081924,6111.274358194
2025-04-10,Fear,2127,19,151393.265760218,28741953.29,13512.90704748472,0.5345557122708039,6868.556500782
2025-04-11,Fear,1096,16,124232.04000290991,11319327.07,10327.853166058394,0.2846715328467153,2174.4390780901
2025-04-12,Fear,2109,20,398902.098158543,55914617.49,26512.383826458037,0.3793266951161688,11517.596374457
2025-04-13,Neutral,1321,17,46127.6853007351,14171154.79,10727.596358819075,0.5594246782740349,2568.3362202649
2025-04-14,Fear,890,14,43657.285344432996,13079972.98,14696.598853932584,0.5808988764044943,2023.157718567
2025-04-15,Fear,1131,14,70490.80152261,20752168.24,18348.51303271441,0.3041556145004421,1866.90475939
2025-04-16,Fear,1608,17,52634.11235171,36502715.9,22700.69396766169,0.5192786069651741,5997.61790529
2025-04-17,Fear,1031,12,4908.71114908,2604551.51,2526.238128031038,0.33074684772065954,519.20873692
2025-04-18,Fear,1894,12,213.07681222999963,24610650.46,12994.007634635693,0.3986272439281943,4667.32793177
2025-04-19,Fear,2786,15,65469.95116231,32706462.71,11739.577426417804,0.35857860732232594,6480.62633269
2025-04-20,Fear,1982,12,23173.0123278942,12126094.05,6118.110015136226,0.5443995963673057,1887.3296081058
2025-04-21,Fear,1718,14,28013.17684312,42104054.84,24507.598859138536,0.35157159487776485,6356.09106388
2025-04-22,Neutral,2998,15,52903.077827,33753625.24,11258.714222815212,0.47364909939959976,5749.685751
2025-04-23,Greed,6159,19,-426362.30657288,30682443.79,4981.72492125345,0.6848514369215781,7342.08084188
2025-04-24,Greed,2232,15,43337.8956450647,35088918.64,15720.841684587815,0.5479390681003584,7366.5003199353005
2025-04-25,Greed,1653,16,13919.765951261801,27749455.78,16787.32957047792,0.41197822141560797,6299.0932547382
2025-04-26,Greed,1131,12,-6778.06069552,11948127.77,10564.215534924844,0.5340406719717065,2652.30675352
2025-04-27,Greed,337,9,2646.1406953438,487537.69,1446.6993768545994,0.6201780415430267,55.9267726562
2025-04-28,Neutral,1379,8,30899.5623554699,26124921.49,18944.83066715011,0.47280638143582304,6007.2514035301
2025-04-29,Greed,2243,7,120600.3181398469,34089511.66,15198.177289344627,0.49264378065091396,5149.2952871531
2025-04-30,Greed,1113,8,11053.6134961245,12693878.85,11405.10229110512,0.7529200359389039,2950.1837728755
2025-05-01,Neutral,1230,11,51884.2156190342,10720240.52,8715.642699186992,0.5577235772357724,2652.6136779658
